{
  "properties": {
    "connectionReferences": {
      "shared_commondataserviceforapps": {
        "runtimeSource": "embedded",
        "connection": {
          "connectionReferenceLogicalName": "ya_sharedcommondataserviceforapps_2f56e"
        },
        "api": {
          "name": "shared_commondataserviceforapps"
        }
      },
      "shared_teams": {
        "runtimeSource": "embedded",
        "connection": {
          "connectionReferenceLogicalName": "ya_sharedteams_8bab1"
        },
        "api": {
          "name": "shared_teams"
        }
      }
    },
    "definition": {
      "$schema": "https://schema.management.azure.com/providers/Microsoft.Logic/schemas/2016-06-01/workflowdefinition.json#",
      "contentVersion": "1.0.0.0",
      "parameters": {
        "$connections": {
          "defaultValue": {},
          "type": "Object"
        },
        "$authentication": {
          "defaultValue": {},
          "type": "SecureObject"
        }
      },
      "triggers": {
        "行が追加、変更、または削除された場合": {
          "metadata": {
            "operationMetadataId": "f2c3a03b-e551-4d33-b90e-c3f9464cda25"
          },
          "type": "OpenApiConnectionWebhook",
          "inputs": {
            "host": {
              "connectionName": "shared_commondataserviceforapps",
              "operationId": "SubscribeWebhookTrigger",
              "apiId": "/providers/Microsoft.PowerApps/apis/shared_commondataserviceforapps"
            },
            "parameters": {
              "subscriptionRequest/message": 4,
              "subscriptionRequest/entityname": "ya_holidayworkreport",
              "subscriptionRequest/scope": 4
            },
            "authentication": "@parameters('$authentication')"
          }
        }
      },
      "actions": {
        "承認日1がセットされていないか": {
          "actions": {
            "承認者1がセットされているか": {
              "actions": {
                "承認者1を取得する": {
                  "runAfter": {},
                  "metadata": {
                    "operationMetadataId": "16745263-08cc-4652-b2db-3f7d780956ad"
                  },
                  "type": "OpenApiConnection",
                  "inputs": {
                    "host": {
                      "connectionName": "shared_commondataserviceforapps",
                      "operationId": "GetItem",
                      "apiId": "/providers/Microsoft.PowerApps/apis/shared_commondataserviceforapps"
                    },
                    "parameters": {
                      "entityName": "systemusers",
                      "recordId": "@triggerOutputs()?['body/_ya_approver1_value']"
                    },
                    "authentication": "@parameters('$authentication')"
                  }
                },
                "承認者1に通知する": {
                  "runAfter": {
                    "承認者1を取得する": [
                      "Succeeded"
                    ]
                  },
                  "metadata": {
                    "operationMetadataId": "0555241b-f055-4ae1-9a99-c781c7ec0f76"
                  },
                  "type": "OpenApiConnection",
                  "inputs": {
                    "host": {
                      "connectionName": "shared_teams",
                      "operationId": "PostMessageToConversation",
                      "apiId": "/providers/Microsoft.PowerApps/apis/shared_teams"
                    },
                    "parameters": {
                      "poster": "Flow bot",
                      "location": "Chat with Flow bot",
                      "body/recipient": "@{outputs('承認者1を取得する')?['body/internalemailaddress']};",
                      "body/messageBody": "<p>@{variables('MailHTML')}が提出されました。<br>\n承認者1として承認/却下してください。</p>"
                    },
                    "authentication": "@parameters('$authentication')"
                  }
                },
                "終了": {
                  "runAfter": {
                    "承認者1に通知する": [
                      "Succeeded"
                    ]
                  },
                  "metadata": {
                    "operationMetadataId": "f8ebf423-bab2-4a61-b4f4-8a3894616328"
                  },
                  "type": "Terminate",
                  "inputs": {
                    "runStatus": "Succeeded"
                  }
                }
              },
              "runAfter": {},
              "expression": {
                "not": {
                  "equals": [
                    "@triggerOutputs()?['body/_ya_approver1_value']",
                    "@null"
                  ]
                }
              },
              "metadata": {
                "operationMetadataId": "70a7a890-d509-482c-88f1-324623f99f51"
              },
              "type": "If"
            }
          },
          "runAfter": {
            "変数を初期化する": [
              "Succeeded"
            ]
          },
          "expression": {
            "equals": [
              "@triggerOutputs()?['body/ya_approvedon1']",
              "@null"
            ]
          },
          "metadata": {
            "operationMetadataId": "69e53e28-99d3-427f-b032-d14dea1e7b20"
          },
          "type": "If"
        },
        "承認日2がセットされていないか": {
          "actions": {
            "承認者2がセットされているか": {
              "actions": {
                "承認者2を取得する": {
                  "runAfter": {},
                  "metadata": {
                    "operationMetadataId": "769813ed-5128-44fb-9987-f6b71e16b594"
                  },
                  "type": "OpenApiConnection",
                  "inputs": {
                    "host": {
                      "connectionName": "shared_commondataserviceforapps",
                      "operationId": "GetItem",
                      "apiId": "/providers/Microsoft.PowerApps/apis/shared_commondataserviceforapps"
                    },
                    "parameters": {
                      "entityName": "systemusers",
                      "recordId": "@triggerOutputs()?['body/_ya_approver2_value']"
                    },
                    "authentication": "@parameters('$authentication')"
                  }
                },
                "承認者2に通知する": {
                  "runAfter": {
                    "承認者2を取得する": [
                      "Succeeded"
                    ]
                  },
                  "metadata": {
                    "operationMetadataId": "62af817d-98d7-412b-b0f8-b70ddb289aea"
                  },
                  "type": "OpenApiConnection",
                  "inputs": {
                    "host": {
                      "connectionName": "shared_teams",
                      "operationId": "PostMessageToConversation",
                      "apiId": "/providers/Microsoft.PowerApps/apis/shared_teams"
                    },
                    "parameters": {
                      "poster": "Flow bot",
                      "location": "Chat with Flow bot",
                      "body/recipient": "@{outputs('承認者2を取得する')?['body/internalemailaddress']};",
                      "body/messageBody": "<p>@{variables('MailHTML')}が提出されました。<br>\n承認者2として承認/却下してください。</p>"
                    },
                    "authentication": "@parameters('$authentication')"
                  }
                },
                "終了_2": {
                  "runAfter": {
                    "承認者2に通知する": [
                      "Succeeded"
                    ]
                  },
                  "metadata": {
                    "operationMetadataId": "9a08775e-4d96-4112-8d81-acf0077f3731"
                  },
                  "type": "Terminate",
                  "inputs": {
                    "runStatus": "Succeeded"
                  }
                }
              },
              "runAfter": {},
              "expression": {
                "not": {
                  "equals": [
                    "@triggerOutputs()?['body/_ya_approver2_value']",
                    "@null"
                  ]
                }
              },
              "metadata": {
                "operationMetadataId": "eb7a1f2c-2706-4c4d-a371-6601fa78c554"
              },
              "type": "If"
            }
          },
          "runAfter": {
            "承認日1がセットされていないか": [
              "Succeeded"
            ]
          },
          "expression": {
            "equals": [
              "@triggerOutputs()?['body/ya_approvedon2']",
              "@null"
            ]
          },
          "metadata": {
            "operationMetadataId": "69e53e28-99d3-427f-b032-d14dea1e7b20"
          },
          "type": "If"
        },
        "承認日3がセットされていないか": {
          "actions": {
            "承認者3がセットされているか": {
              "actions": {
                "承認者3を取得する": {
                  "runAfter": {},
                  "metadata": {
                    "operationMetadataId": "9b708bd8-bea0-4641-9a2a-dfdec33af4a9"
                  },
                  "type": "OpenApiConnection",
                  "inputs": {
                    "host": {
                      "connectionName": "shared_commondataserviceforapps",
                      "operationId": "GetItem",
                      "apiId": "/providers/Microsoft.PowerApps/apis/shared_commondataserviceforapps"
                    },
                    "parameters": {
                      "entityName": "systemusers",
                      "recordId": "@triggerOutputs()?['body/_ya_approver3_value']"
                    },
                    "authentication": "@parameters('$authentication')"
                  }
                },
                "承認者3に通知する": {
                  "runAfter": {
                    "承認者3を取得する": [
                      "Succeeded"
                    ]
                  },
                  "metadata": {
                    "operationMetadataId": "e72f6c91-5103-4e90-9357-861286a3750d"
                  },
                  "type": "OpenApiConnection",
                  "inputs": {
                    "host": {
                      "connectionName": "shared_teams",
                      "operationId": "PostMessageToConversation",
                      "apiId": "/providers/Microsoft.PowerApps/apis/shared_teams"
                    },
                    "parameters": {
                      "poster": "Flow bot",
                      "location": "Chat with Flow bot",
                      "body/recipient": "@{outputs('承認者3を取得する')?['body/internalemailaddress']};",
                      "body/messageBody": "<p>@{variables('MailHTML')}が提出されました。<br>\n承認者3として承認/却下してください。</p>"
                    },
                    "authentication": "@parameters('$authentication')"
                  }
                },
                "終了_3": {
                  "runAfter": {
                    "承認者3に通知する": [
                      "Succeeded"
                    ]
                  },
                  "metadata": {
                    "operationMetadataId": "46e390c7-d95f-4090-acc3-94644ef8683e"
                  },
                  "type": "Terminate",
                  "inputs": {
                    "runStatus": "Succeeded"
                  }
                }
              },
              "runAfter": {},
              "expression": {
                "not": {
                  "equals": [
                    "@triggerOutputs()?['body/_ya_approver3_value']",
                    "@null"
                  ]
                }
              },
              "metadata": {
                "operationMetadataId": "48ea8c15-417a-4187-85e5-35631af0f8a4"
              },
              "type": "If"
            }
          },
          "runAfter": {
            "承認日2がセットされていないか": [
              "Succeeded"
            ]
          },
          "expression": {
            "equals": [
              "@triggerOutputs()?['body/ya_approvedon3']",
              "@null"
            ]
          },
          "metadata": {
            "operationMetadataId": "69e53e28-99d3-427f-b032-d14dea1e7b20"
          },
          "type": "If"
        },
        "変数を初期化する": {
          "runAfter": {},
          "metadata": {
            "operationMetadataId": "58997c98-3229-468e-a093-7f43ae6630f8"
          },
          "type": "InitializeVariable",
          "inputs": {
            "variables": [
              {
                "name": "MailHTML",
                "type": "string",
                "value": "<a href=\"https://org6860d1d2.crm7.dynamics.com/main.aspx?appid=71505bf8-7c69-ed11-81ac-002248627aef&pagetype=entityrecord&etn=ya_holidayworkreport&id=@{triggerOutputs()?['body/ya_holidayworkreportid']}\" target=\"_blank\">休日出勤届</a>"
              }
            ]
          }
        }
      }
    },
    "templateName": ""
  },
  "schemaVersion": "1.0.0.0"
}